-- TIPO SERVICIO INGRESADO

INSERT INTO TIPO_SERVICIO VALUES ('SEGUNDOS', 101);
INSERT INTO TIPO_SERVICIO VALUES ('MSJ', 124);
INSERT INTO TIPO_SERVICIO VALUES ('BUZON', 147);

-- SERVICIO INGRESADOS

INSERT INTO SERVICIO VALUES (1014, 'SEGUNDOS-MOVIL-MOCEL',     1, 101);
INSERT INTO SERVICIO VALUES (1054, 'SEGUNDOS-OTROS',           1, 101);
INSERT INTO SERVICIO VALUES (1012, 'SEGUNDOS-FIJO-MOCEL-OTROS',1, 101);
INSERT INTO SERVICIO VALUES (1075, 'TEXT-MSJ',                 1, 124);
INSERT INTO SERVICIO VALUES (1154, 'BUZON DE MENSAJE',         1, 147);

-- CLIENTES INGRESADOS

INSERT INTO CLIENTE VALUES (19965084, 'María Diaz',         'calle tauro' );
INSERT INTO CLIENTE VALUES (13546879, 'Luis Lopez',         'calle ruices' );
INSERT INTO CLIENTE VALUES (15236892, 'Francisco Trujillo', 'calle moreno' );
INSERT INTO CLIENTE VALUES (12131591, 'Javier Dos Santos',  'calle saturno' );
INSERT INTO CLIENTE VALUES (17982642, 'Dolores Sarmiento',  'calle suarez' );
INSERT INTO CLIENTE VALUES (10654897, 'Adela Mendoza',      'calle felix' );
INSERT INTO CLIENTE VALUES (16459203, 'Felix Castro',       'calle zamora' );
INSERT INTO CLIENTE VALUES (11321579, 'Jose Fuentes',       'calle casanova' );
INSERT INTO CLIENTE VALUES (19542321, 'Antonio Vitola',     'calle tahona' );
INSERT INTO CLIENTE VALUES (10217984, 'Andrea White',       'calle trinidad' );
INSERT INTO CLIENTE VALUES (19874621, 'Andres Flores',      'calle urdaneta' );
INSERT INTO CLIENTE VALUES (14687546, 'Daniela Rodriguez',  'calle geminis' );
INSERT INTO CLIENTE VALUES (14265798, 'Mauro Campos',       'calle perez' );
INSERT INTO CLIENTE VALUES (18123056, 'Gabriela Verdugo',   'calle bolivar' );
INSERT INTO CLIENTE VALUES (15649562, 'Mauricio Perez',     'calle calicanto' );
INSERT INTO CLIENTE VALUES (-1,       'NULO',               'NULO' );

-- PLANES INGRESADOS

INSERT INTO PLAN VALUES (25649, 'MOCEL-2000', 49);
INSERT INTO PLAN VALUES (27564, 'MIXTO-PLUS', 211);

-- PREPAGO Y POSTPAGO INGRESADOS

INSERT INTO PREPAGO  VALUES (25649);
INSERT INTO POSTPAGO VALUES (27564);

-- TARJETAS INGRESADAS 

INSERT INTO TARJETA VALUES (52649875, DATE '2022-02-16', 'BANESCO',   10654897 );
INSERT INTO TARJETA VALUES (55464892, DATE '2019-04-15', 'MERCANTIL', 18123056 );
INSERT INTO TARJETA VALUES (52324654, DATE '2017-07-02', 'BANESCO',   14687546 );
INSERT INTO TARJETA VALUES (57468952, DATE '2015-04-11', 'MERCANTIL', 15236892 );
INSERT INTO TARJETA VALUES (58456120, DATE '2015-01-17', 'BANESCO',   19965084 );
INSERT INTO TARJETA VALUES (-1      , DATE '9999-01-01', 'NINGUNO',   -1 );
-- PAQUETES INGRESADOS

INSERT INTO PAQUETE VALUES (3248, 'PREPAGO',  49,  'PAQUETE-MOCEL-200');
INSERT INTO PAQUETE VALUES (2781, 'POSTPAGO', 211, 'PAQUETE-MIXTO-PLUS');
INSERT INTO PAQUETE VALUES (1354, 'POSTPAGO', 16,  'PAQUETE-PEGADITO-OTROS-1500');
INSERT INTO PAQUETE VALUES (1546, 'PREPAGO',  19,  'PAQUETE-PEGADITO-OTROS-30');
INSERT INTO PAQUETE VALUES (2456, 'AMBOS',    38,  'PAQUETE-MENSAJE-800'); 

-- CONTIENE Y CONFORMA INGRESADO

INSERT INTO CONTIENE VALUES (25649, 3248);
INSERT INTO CONTIENE VALUES (27564, 2781);

INSERT INTO CONFORMA VALUES (3248, 1014, 1000);
INSERT INTO CONFORMA VALUES (3248, 1054, 1000);
INSERT INTO CONFORMA VALUES (3248, 1075, 200);
INSERT INTO CONFORMA VALUES (3248, 1154, 1);

INSERT INTO CONFORMA VALUES (2781, 1014, 39000);
INSERT INTO CONFORMA VALUES (2781, 1054, 2600);
INSERT INTO CONFORMA VALUES (2781, 1012, 5000);
INSERT INTO CONFORMA VALUES (2781, 1075, 200);
INSERT INTO CONFORMA VALUES (2781, 1154, 1);

INSERT INTO CONFORMA VALUES (1354, 1054, 1500);
INSERT INTO CONFORMA VALUES (2456, 1075, 800);
INSERT INTO CONFORMA VALUES (1546, 1054, 1800);

-- AFILIA INGRESADO

INSERT INTO AFILIA VALUES (19965084, 25649, -1);
INSERT INTO AFILIA VALUES (13546879, 25649, -1);
INSERT INTO AFILIA VALUES (15236892, 25649, -1);
INSERT INTO AFILIA VALUES (12131591, 25649, -1);
INSERT INTO AFILIA VALUES (17982642, 25649, -1);
INSERT INTO AFILIA VALUES (10654897, 25649, -1);
INSERT INTO AFILIA VALUES (16459203, 25649, -1);
INSERT INTO AFILIA VALUES (11321579, 25649, -1);
INSERT INTO AFILIA VALUES (19542321, 27564, 52649875);
INSERT INTO AFILIA VALUES (10217984, 27564, 55464892);
INSERT INTO AFILIA VALUES (19874621, 27564, 52324654);
INSERT INTO AFILIA VALUES (14687546, 27564, 57468952);
INSERT INTO AFILIA VALUES (14265798, 27564, 52649875);
INSERT INTO AFILIA VALUES (18123056, 27564, 58456120);
INSERT INTO AFILIA VALUES (15649562, 27564, 57468952);
INSERT INTO AFILIA VALUES (19965084, 27564, 58456120);

-- PRODUCTO INGRESADO

INSERT INTO PRODUCTO VALUES (77854, 'BB310',  'CELULAR DEL CLIENTE', 25649, 19965084, DATE '2013-09-01', 0);
INSERT INTO PRODUCTO VALUES (74223, 'Zenzei', 'CELULAR DEL CLIENTE', 25649, 13546879, DATE '2013-10-01', 79);
INSERT INTO PRODUCTO VALUES (87560, 'Letus',  'CELULAR DEL CLIENTE', 25649, 15236892, DATE '2013-09-01', 15);
INSERT INTO PRODUCTO VALUES (12301, 'BB310',  'CELULAR DEL CLIENTE', 25649, 12131591, DATE '2013-09-01', 300);
INSERT INTO PRODUCTO VALUES (32169, 'Letus',  'CELULAR DEL CLIENTE', 25649, 17982642, DATE '2013-09-01', 66);
INSERT INTO PRODUCTO VALUES (46561, 'Zenzei', 'CELULAR DEL CLIENTE', 25649, 10654897, DATE '2013-09-01', 20);
INSERT INTO PRODUCTO VALUES (62315, 'BB310',  'CELULAR DEL CLIENTE', 25649, 16459203, DATE '2013-09-01', 152);
INSERT INTO PRODUCTO VALUES (51230, 'Letus',  'CELULAR DEL CLIENTE', 25649, 11321579, DATE '2013-09-15', 54);
INSERT INTO PRODUCTO VALUES (57895, 'BB310',  'CELULAR DEL CLIENTE', 27564, 19542321, DATE '2013-09-15', -1);
INSERT INTO PRODUCTO VALUES (72132, 'Letus',  'CELULAR DEL CLIENTE', 27564, 10217984, DATE '2013-09-15', -1);
INSERT INTO PRODUCTO VALUES (95320, 'Zenzei', 'CELULAR DEL CLIENTE', 27564, 19874621, DATE '2013-09-15', -1);
INSERT INTO PRODUCTO VALUES (12328, 'Letus',  'CELULAR DEL CLIENTE', 27564, 14687546, DATE '2013-09-15', -1);
INSERT INTO PRODUCTO VALUES (19786, 'BB310',  'CELULAR DEL CLIENTE', 27564, 14265798, DATE '2013-09-15', -1);
INSERT INTO PRODUCTO VALUES (80543, 'Zenzei', 'CELULAR DEL CLIENTE', 27564, 18123056, DATE '2013-09-15', -1);
INSERT INTO PRODUCTO VALUES (26549, 'BB310',  'CELULAR DEL CLIENTE', 27564, 15649562, DATE '2013-09-15', -1);
INSERT INTO PRODUCTO VALUES (77800, 'Zenzei', 'CELULAR DEL CLIENTE', 27564, 19965084, DATE '2013-09-15', -1);


-- CONTRADA INGRESADO

INSERT INTO CONTRATA VALUES (19965084, 3248, 77854, DATE '2013-06-01', 'UNICO');
INSERT INTO CONTRATA VALUES (19965084, 2781, 77800, DATE '2013-06-01', 'UNICO');
INSERT INTO CONTRATA VALUES (13546879, 3248, 74223, DATE '2013-06-01', 'UNICO');
INSERT INTO CONTRATA VALUES (13546879, 1546, 74223, DATE '2013-06-01', 'MENSUAL');
INSERT INTO CONTRATA VALUES (15236892, 3248, 87560, DATE '2013-06-01', 'UNICO');
INSERT INTO CONTRATA VALUES (12131591, 3248, 12301, DATE '2013-06-01', 'UNICO');
INSERT INTO CONTRATA VALUES (17982642, 3248, 32169, DATE '2013-06-01', 'UNICO');
INSERT INTO CONTRATA VALUES (10654897, 3248, 46561, DATE '2013-06-01', 'UNICO');
INSERT INTO CONTRATA VALUES (16459203, 3248, 62315, DATE '2013-06-01', 'UNICO');
INSERT INTO CONTRATA VALUES (11321579, 3248, 51230, DATE '2013-06-01', 'UNICO');
INSERT INTO CONTRATA VALUES (19542321, 2781, 57895, DATE '2013-06-01', 'UNICO');
INSERT INTO CONTRATA VALUES (10217984, 2781, 72132, DATE '2013-06-01', 'UNICO');
INSERT INTO CONTRATA VALUES (19874621, 2781, 95320, DATE '2013-06-01', 'UNICO');
INSERT INTO CONTRATA VALUES (14687546, 2781, 12328, DATE '2013-06-01', 'UNICO');
INSERT INTO CONTRATA VALUES (14265798, 2781, 19786, DATE '2013-06-01', 'UNICO');
INSERT INTO CONTRATA VALUES (18123056, 2781, 80543, DATE '2013-06-01', 'UNICO');
INSERT INTO CONTRATA VALUES (15649562, 2781, 26549, DATE '2013-06-01', 'UNICO');
INSERT INTO CONTRATA VALUES (15649562, 1354, 26549, DATE '2013-06-01', 'MENSUAL');

INSERT INTO CONSUMO VALUES (1014, 74223, DATE '2013-10-07', 552);
INSERT INTO CONSUMO VALUES (1054, 74223, DATE '2013-10-07', 87);
INSERT INTO CONSUMO VALUES (1075, 74223, DATE '2013-10-07', 87);

INSERT INTO CONSUMO VALUES (1014, 77854, DATE '2013-06-02', 120);
INSERT INTO CONSUMO VALUES (1075, 77854, DATE '2013-06-03', 20);
INSERT INTO CONSUMO VALUES (1014, 77800, DATE '2013-06-01', 500);
INSERT INTO CONSUMO VALUES (1075, 77800, DATE '2013-06-01', 6);
INSERT INTO CONSUMO VALUES (1014, 80543, DATE '2013-06-02', 200);
INSERT INTO CONSUMO VALUES (1075, 80543, DATE '2013-06-02', 30);
INSERT INTO CONSUMO VALUES (1014, 74223, DATE '2013-06-04', 120);
INSERT INTO CONSUMO VALUES (1075, 74223, DATE '2013-06-04', 55);
INSERT INTO CONSUMO VALUES (1014, 87560, DATE '2013-06-02', 990);
INSERT INTO CONSUMO VALUES (1075, 87560, DATE '2013-06-02', 2);
INSERT INTO CONSUMO VALUES (1014, 12301, DATE '2013-06-04', 10);
INSERT INTO CONSUMO VALUES (1075, 12301, DATE '2013-06-03', 100);
INSERT INTO CONSUMO VALUES (1014, 32169, DATE '2013-06-05', 90);
INSERT INTO CONSUMO VALUES (1075, 32169, DATE '2013-06-02', 20);
INSERT INTO CONSUMO VALUES (1014, 46561, DATE '2013-06-01', 1000);
INSERT INTO CONSUMO VALUES (1075, 46561, DATE '2013-06-02', 1);
INSERT INTO CONSUMO VALUES (1014, 62315, DATE '2013-06-02', 520);
INSERT INTO CONSUMO VALUES (1075, 62315, DATE '2013-06-03', 90);
INSERT INTO CONSUMO VALUES (1014, 51230, DATE '2013-06-02', 323);
INSERT INTO CONSUMO VALUES (1075, 51230, DATE '2013-06-01', 7);
INSERT INTO CONSUMO VALUES (1014, 57895, DATE '2013-06-04', 120);
INSERT INTO CONSUMO VALUES (1075, 57895, DATE '2013-06-03', 20);
INSERT INTO CONSUMO VALUES (1014, 72132, DATE '2013-06-02', 647);
INSERT INTO CONSUMO VALUES (1075, 72132, DATE '2013-06-05', 70);
INSERT INTO CONSUMO VALUES (1014, 95320, DATE '2013-06-01', 226);
INSERT INTO CONSUMO VALUES (1075, 95320, DATE '2013-06-04', 59);
INSERT INTO CONSUMO VALUES (1014, 12328, DATE '2013-06-02', 137);
INSERT INTO CONSUMO VALUES (1075, 12328, DATE '2013-06-03', 20);
INSERT INTO CONSUMO VALUES (1014, 19786, DATE '2013-06-01', 852);
INSERT INTO CONSUMO VALUES (1075, 19786, DATE '2013-06-05', 177);
INSERT INTO CONSUMO VALUES (1014, 26549, DATE '2013-06-01', 552);
INSERT INTO CONSUMO VALUES (1075, 26549, DATE '2013-06-04', 87);





